code;url;name
91792;https://cemaco.com.br/produto/29487-sikaflex-base-pu40-universal-cinza-300-ml;SELANTE ELASTICO A BASE DE POLIURETANO
91792;https://cemaco.com.br/produto/14629-joelho-amanco-esgoto-90-40mm;JOELHO 90º DE PVC PARA ESGOTO
91792;https://cemaco.com.br/produto/14574-bucha-redutora-amanco-esgoto-longa-50x40-mm;BUCHA DE REDUÇÃO
91792;https://cemaco.com.br/produto/32815-fio-2-5-mm-flexivel-750v-amarelo-100ml;FIO DE COBRE ISOLADO FLEXIVEL PARA CONDUÇÃO ELETRICA
91792;https://cemaco.com.br/produto/1460-fio-corfio-flexivel-r4-mm-750v-verde-100ml;FIO DE COBRE ISOLADO FLEXIVEL PARA CONDUÇÃO ELETRICA
92184;http://ferragistagoias.com.br/produto/carrinho-de-mao-reforcado-g18-esfera-ficher/;CARRINHO DE MÃO
92184;http://ferragistagoias.com.br/produto/esmerilhadeira-ang-7-2200w-220v-dwe491-dewalt/;ESMERILHADEIRA ANGULAR
91792;https://cemaco.com.br/produto/24308-aditivo-plastificante-quartzolit-18-lt;ADITIVO PLASTIFICANTE
91792;https://cemaco.com.br/produto/14580-joelho-amanco-esgoto-45-50mm;CONEXÃO JOELHO DE PVC PARA ESGOTO 45 GRAUS
91792;https://cemaco.com.br/produto/14589-joelho-amanco-soldavel-ll-90-50mm;CONEXÃO JOELHO DE PVC SOLDAVEL 90 GRAUS
91792;https://cemaco.com.br/produto/13-argamassa-votomassa-ac-ii-20kg;ARGAMASSA COLANTE PARA USO EXTERNO
91792;https://cemaco.com.br/produto/12324-fechadura-stam-macaneta-espelho-inox-wc-82321;FECHADURA MACANETA
92184;http://ferragistagoias.com.br/produto/furadeira-de-impacto-reversivel-1-2-gsb-20-800w-bosch/;FURADEIRA DE IMPACTO
91792;https://cemaco.com.br/produto/2174-massa-leinertex-acrilica-3-6l;MASSA CORRIDA PVA
92184;http://ferragistagoias.com.br/produto/disco-diamantado-corte-amarelo-extra/;DISCO DE CORTE DIAMANTADO
91792;https://cemaco.com.br/produto/14578-joelho-amanco-esgoto-45-40mm;CONEXÃO JOELHO DE PVC PARA ESGOTO 45 GRAUS
91792;https://cemaco.com.br/produto/15543-joelho-amanco-soldavel-ll-90-32mm;CONEXÃO JOELHO DE PVC SOLDAVEL LL 90 GRAUS
91792;https://cemaco.com.br/produto/11316-cadeado-stam-20mm-latao;CADEADO DE LATÃO
91792;https://cemaco.com.br/produto/16996-curva-longa-amanco-esgoto-90-100-mm;CURVA 90º EM PVC PARA ESGOTO
91792;https://cemaco.com.br/produto/31894-janela-aluminio-natural-2-folhas-150x100x5-4-sem-grade-com-vidro;JANELA DE ALUMINIO
91792;https://cemaco.com.br/produto/31375-caixa-de-gordura-amanco-para-cozinha-com-cesto-e-tampa-dn-300;CAIXA DE GORDURA DE PVC
92184;http://ferragistagoias.com.br/produto/serra-marmore-125mm-1400w-dewalt/;SERRA MARMORE
91792;https://cemaco.com.br/produto/14779-adaptador-flange-com-anel-autoajustavel-amanco-para-caixa-dagua-50-mm-x-112;ADAPTADOR FLANGE COM ANEL AUTOAJUSTAVÉL
92184;http://ferragistagoias.com.br/produto/serra-marmore-gdc-150-1500w-bosch/;SERRA MARMORE
91792;https://cemaco.com.br/produto/16064-saboneteira-oval-standart;SABONETEIRA OVAL EM METAL
91792;https://cemaco.com.br/produto/2734-base-deca-para-valvula-de-descarga-1-12;BASE PARA VÁLVULA DE DESCARGA
91792;https://cemaco.com.br/produto/14227-tubo-amanco-esgoto-pvc-75mm-6mt;TUBO DE PVC PARA ESGOTO
91792;https://cemaco.com.br/produto/32641-disjuntor-tramontina-1-polo-din-50a-curva-c-tr3ka;DISJUNTOR
92184;http://ferragistagoias.com.br/produto/carrinho-de-mao-reforcado-g14-esfera-fischer/;CARRINHO DE MÃO
91792;https://cemaco.com.br/produto/15277-tubo-amanco-soldavel-20mm-6mt;TUBO DE PVC PARA AGUA SOLDAVEL
91792;https://cemaco.com.br/produto/2893-tinta-leinertex-acrilico-semi-brilhante-premium-gelo-18l;TINTA ACRILICA SEMIBRILHO
92184;http://ferragistagoias.com.br/produto/furadeira-de-impacto-gsb16-re-750w-bosch/;FURADEIRA DE IMPACTO
91792;https://cemaco.com.br/produto/31975-acabamento-para-registro-docol-base-34-nova-pertutti;ACABAMENTO PARA REGISTRO BASE PERTUTTI
91792;https://cemaco.com.br/produto/13780-parafuso-para-bacialavatorio-esteves-s-08-cromado;PARAFUSO PARA BACIA OU LAVATÓRIO
92184;http://ferragistagoias.com.br/produto/vassourao-gari-40cm-p-cabo-grosso-reforcado-rodobem/;VASSOURÃO
91792;https://cemaco.com.br/produto/17005-joelho-amanco-soldavel-ll-45-60mm;CONEXÃO JOELHO DE PVC SOLDAVEL LL 45 GRAUS
91792;https://cemaco.com.br/produto/31893-janela-aluminio-natural-2-folhas-120x100x54-sem-grade-com-vidro;JANELA DE ALUMINIO
92184;http://ferragistagoias.com.br/produto/carrinho-de-mao-reforcado-g14-esfera-fischer/;CARRINHO DE MÃO
91792;https://cemaco.com.br/produto/14572-adaptador-flange-com-anel-autoajustavel-amanco-para-caixa-dagua-25-mm-x-34;ADAPTADOR FLANGE COM ANEL AUTOAJUSTAVÉL
91792;https://cemaco.com.br/produto/32987-curva-curta-amanco-esgoto-45-100-mm;CURVA 45° DE PVC CURTA PARA ESGOTO
91792;https://cemaco.com.br/produto/16967-adaptador-amanco-lr-soldavel-curto-32-mm-x-1;ADAPTADOR LR
91792;https://cemaco.com.br/produto/23921-mangueira-corrugada-amanco-32mm;ELETRODUTO DE PVC FLEXÍVEL
91792;https://cemaco.com.br/produto/16352-mangueira-corrugada-amanco-25mm;ELETRODUTO DE PVC FLEXÍVEL
92184;http://ferragistagoias.com.br/produto/fechadura-zm-conc-esp-600e-603e-cr-pado/;FECHADURA PARA PORTA EXTERNA
91792;https://cemaco.com.br/produto/14593-luva-amanco-esgoto-simples-40mm;LUVA DE PVC
92184;http://ferragistagoias.com.br/produto/compressor-de-ar-110-litros-10-pes-ip2-220v-chiaperini/;COMPRESSOR DE AR
91792;https://cemaco.com.br/produto/16988-curva-curta-amanco-esgoto-90-50-mm;CURVA DE PVC 90º PARA ESGOTO
